-- =================================================================
-- 라고할때 프로젝트 Swagger 테스트용 더미 데이터 (2025-08-08)
-- 지침서 명세에 따른 모든 주요 API 테스트 가능한 데이터셋
-- =================================================================

-- =================================================================
-- 1. 사용자 데이터 (USER 테이블)
-- =================================================================

-- AI 봇 사용자 데이터 (is_ai = true)
INSERT INTO USER (user_id, email, firebase_uid, nickname, personality, created_at, profile_img, frame_id, deleted_at, is_ai, ai_id) 
VALUES 
(1001, 'aibot1@lago.com', 'firebase_ai_1', '워렌버핏봇', '보수적', NOW(), null, 1, null, true, 1),
(1002, 'aibot2@lago.com', 'firebase_ai_2', '피터린치봇', '적극적', NOW(), null, 2, null, true, 2),
(1003, 'aibot3@lago.com', 'firebase_ai_3', '벤자민그레이엄봇', '가치투자', NOW(), null, 3, null, true, 3),
(1004, 'aibot4@lago.com', 'firebase_ai_4', '조지소로스봇', '투기적', NOW(), null, 4, null, true, 4),
(1005, 'aibot5@lago.com', 'firebase_ai_5', '레이달리오봇', '분산투자', NOW(), null, 5, null, true, 5);

-- 일반 사용자 데이터 (is_ai = false)
INSERT INTO USER (user_id, email, firebase_uid, nickname, personality, created_at, profile_img, frame_id, deleted_at, is_ai, ai_id) 
VALUES 
(1, 'user1@lago.com', 'firebase_user_1', '투자왕김', '중립적', NOW(), null, 1, null, false, null),
(2, 'user2@lago.com', 'firebase_user_2', '주식달인', '공격적', NOW(), null, 2, null, false, null),
(3, 'user3@lago.com', 'firebase_user_3', '가치투자자', '보수적', NOW(), null, 3, null, false, null),
(4, 'user4@lago.com', 'firebase_user_4', '단타대장', '투기적', NOW(), null, 4, null, false, null),
(5, 'user5@lago.com', 'firebase_user_5', '장기투자', '안정적', NOW(), null, 5, null, false, null);

-- =================================================================
-- 2. 계좌 데이터 (ACCOUNT 테이블)
-- =================================================================

-- AI 봇 계좌 데이터 (type = 'ai_bot')
INSERT INTO ACCOUNT (account_id, user_id, balance, total_asset, profit, profit_rate, created_at, type)
VALUES 
(2001, 1001, 1500000, 2000000, 500000, 33.33, NOW(), 'ai_bot'),
(2002, 1002, 800000, 1200000, 200000, 20.00, NOW(), 'ai_bot'),
(2003, 1003, 2200000, 2500000, 300000, 13.64, NOW(), 'ai_bot'),
(2004, 1004, 500000, 900000, 400000, 80.00, NOW(), 'ai_bot'),
(2005, 1005, 3000000, 3200000, 200000, 6.67, NOW(), 'ai_bot');

-- 일반 사용자 계좌 데이터
INSERT INTO ACCOUNT (account_id, user_id, balance, total_asset, profit, profit_rate, created_at, type)
VALUES 
(1, 1, 1000000, 1500000, 500000, 50.00, NOW(), '현시점'),
(2, 2, 500000, 800000, 300000, 60.00, NOW(), '현시점'),
(3, 3, 2000000, 2200000, 200000, 10.00, NOW(), '현시점'),
(4, 4, 300000, 450000, 150000, 50.00, NOW(), '현시점'),
(5, 5, 5000000, 5100000, 100000, 2.00, NOW(), '현시점');

-- =================================================================
-- 3. 모의거래 데이터 (MOCK_TRADE 테이블)
-- =================================================================

-- AI 봇 모의거래 데이터
INSERT INTO MOCK_TRADE (trade_id, account_id, price, quantity)
VALUES 
(3001, 2001, 50000, 10),
(3002, 2001, 75000, 8),
(3003, 2001, 100000, 5),
(3004, 2002, 120000, 6),
(3005, 2002, 80000, 12),
(3006, 2003, 200000, 3),
(3007, 2003, 150000, 4),
(3008, 2004, 30000, 15),
(3009, 2004, 45000, 10),
(3010, 2005, 250000, 8);

-- 일반 사용자 모의거래 데이터
INSERT INTO MOCK_TRADE (trade_id, account_id, price, quantity)
VALUES 
(3011, 1, 60000, 8),
(3012, 1, 80000, 6),
(3013, 2, 90000, 5),
(3014, 2, 110000, 3),
(3015, 3, 70000, 10),
(3016, 3, 85000, 8),
(3017, 4, 40000, 12),
(3018, 4, 55000, 9),
(3019, 5, 300000, 5),
(3020, 5, 280000, 6);

-- =================================================================
-- 4. 뉴스 데이터 (NEWS 테이블) - 지침서 API 명세 기준
-- =================================================================

INSERT INTO NEWS (news_id, title, content, published_at, source, url, image_url, sentiment_score, summary)
VALUES 
(1, '삼성전자, 3분기 실적 호조 전망', '삼성전자가 3분기 반도체 회복세로 실적 개선이 예상된다고 발표했습니다.', NOW() - INTERVAL 1 DAY, '한국경제', 'https://news.test.com/1', 'https://img.test.com/1.jpg', 0.7, '삼성전자 3분기 실적 개선 전망'),
(2, 'SK하이닉스, HBM 메모리 대량 수주', 'SK하이닉스가 글로벌 AI 기업들로부터 HBM 메모리 대량 수주를 확정했습니다.', NOW() - INTERVAL 2 HOUR, '조선일보', 'https://news.test.com/2', 'https://img.test.com/2.jpg', 0.8, 'SK하이닉스 HBM 메모리 수주'),
(3, '카카오, 모빌리티 사업 확장', '카카오가 모빌리티 사업을 해외로 확장한다고 발표했습니다.', NOW() - INTERVAL 5 HOUR, '매일경제', 'https://news.test.com/3', 'https://img.test.com/3.jpg', 0.6, '카카오 모빌리티 해외 진출'),
(4, 'NAVER, AI 기술 투자 확대', 'NAVER가 AI 기술 연구개발에 대규모 투자를 진행한다고 밝혔습니다.', NOW() - INTERVAL 8 HOUR, '서울경제', 'https://news.test.com/4', 'https://img.test.com/4.jpg', 0.5, 'NAVER AI 기술 투자'),
(5, '한국전력, 신재생에너지 프로젝트 착수', '한국전력이 대규모 신재생에너지 프로젝트를 시작한다고 발표했습니다.', NOW() - INTERVAL 1 DAY, '전자신문', 'https://news.test.com/5', 'https://img.test.com/5.jpg', 0.4, '한전 신재생에너지 사업');

-- =================================================================
-- 5. 퀴즈 데이터 (QUIZ 테이블) - 지침서 API 명세 기준
-- =================================================================

INSERT INTO QUIZ (quiz_id, question, options, correct_answer, explanation, difficulty, category, created_at)
VALUES 
(1, '다음 중 주식의 기본적 분석에 해당하지 않는 것은?', '["재무제표 분석", "차트 분석", "업종 분석", "경제지표 분석"]', 1, '차트 분석은 기술적 분석에 해당합니다.', 'EASY', '기본 개념', NOW()),
(2, 'PER(주가수익비율)의 계산 공식은?', '["주가 ÷ 주당순이익", "주당순이익 ÷ 주가", "시가총액 ÷ 매출액", "순이익 ÷ 총자산"]', 0, 'PER = 주가 ÷ 주당순이익(EPS)입니다.', 'MEDIUM', '재무 분석', NOW()),
(3, '다음 중 변동성이 가장 큰 투자상품은?', '["국채", "회사채", "주식", "예금"]', 2, '주식은 일반적으로 가장 높은 변동성을 보입니다.', 'EASY', '투자 기초', NOW()),
(4, '분산투자의 주요 목적은?', '["수익률 극대화", "위험 분산", "거래비용 절약", "세금 절약"]', 1, '분산투자는 위험을 줄이는 것이 주목적입니다.', 'MEDIUM', '포트폴리오', NOW()),
(5, '다음 중 성장주의 특징이 아닌 것은?', '["높은 PER", "낮은 배당수익률", "높은 부채비율", "높은 매출성장률"]', 2, '높은 부채비율은 성장주의 일반적 특징이 아닙니다.', 'HARD', '주식 분석', NOW());

-- =================================================================
-- 6. AI 전략 데이터 (AI_STRATEGY 테이블) - 지침서 API 명세 기준
-- =================================================================

INSERT INTO AI_STRATEGY (strategy_id, strategy_name, description, risk_level, expected_return, created_at, is_active)
VALUES 
(1, '보수적 가치투자', '안정적인 대형주 중심의 장기 가치투자 전략', 'LOW', 8.5, NOW(), true),
(2, '성장주 투자', '고성장 기업에 집중 투자하는 전략', 'MEDIUM', 15.2, NOW(), true),
(3, '배당주 투자', '높은 배당수익률 기업 중심 투자', 'LOW', 6.8, NOW(), true),
(4, '모멘텀 투자', '상승 추세 종목에 집중하는 단기 전략', 'HIGH', 22.3, NOW(), true),
(5, '균형 포트폴리오', '위험과 수익의 균형을 맞춘 분산 투자', 'MEDIUM', 12.1, NOW(), true);

-- =================================================================
-- 7. 차트 패턴 데이터 (CHART_PATTERN 테이블) - 지침서 API 명세 기준
-- =================================================================

INSERT INTO CHART_PATTERN (pattern_id, pattern_name, description, signal_type, accuracy_rate, created_at)
VALUES 
(1, '헤드앤숄더', '주가 상승 후 하락 전환을 나타내는 대표적인 반전 패턴', 'SELL', 78.5, NOW()),
(2, '더블보텀', '주가 하락 후 상승 전환을 시사하는 반전 패턴', 'BUY', 82.3, NOW()),
(3, '상승삼각형', '지속적인 상승을 나타내는 지속 패턴', 'BUY', 75.8, NOW()),
(4, '하강쐐기', '일시적 하락 후 상승을 암시하는 패턴', 'BUY', 73.2, NOW()),
(5, '컵앤핸들', '장기 상승 추세의 지속을 나타내는 패턴', 'BUY', 79.6, NOW());

-- =================================================================
-- 8. 관심종목 데이터 (INTEREST_STOCK 테이블)
-- =================================================================

INSERT INTO INTEREST_STOCK (user_id, stock_code, stock_name, added_at)
VALUES 
(1, '005930', '삼성전자', NOW()),
(1, '000660', 'SK하이닉스', NOW()),
(1, '035420', 'NAVER', NOW()),
(2, '005930', '삼성전자', NOW()),
(2, '035720', '카카오', NOW()),
(3, '051910', 'LG화학', NOW()),
(3, '006400', '삼성SDI', NOW()),
(4, '005380', '현대차', NOW()),
(4, '012330', '현대모비스', NOW()),
(5, '015760', '한국전력', NOW());

-- =================================================================
-- 데이터 입력 완료 로그
-- =================================================================
-- 총 데이터 현황:
-- - 사용자: 10명 (AI봇 5명, 일반사용자 5명)
-- - 계좌: 10개 (AI봇용 5개, 일반용 5개)  
-- - 모의거래: 20건
-- - 뉴스: 5건
-- - 퀴즈: 5개
-- - AI전략: 5개
-- - 차트패턴: 5개
-- - 관심종목: 10건
